first_name,last_name,username,mobile,email,password,activation_type,creater_id,address,company
user,one,userone,7448240672,userone@mail.com,Leicester@3524,direct,501,108 welford road,Cromwell Tools
user,two,user two,32497923749,usertwo@mail.com,Leicester@3524,direct,501,108 welford road,Cromwell Tools
user,three,user three,7448240672,userthree@mail.com,Leicester@3524,direct,501,108 welford road,Cromwell Tools
user,four,userfour,7448240672,userfour@mail.com,Leicester@3524,direct,501,108 welford road,Cromwell Tools
user,five,userfive,7448240672,userfive@mail.com,Leicester@3524,direct,501,108 welford road,Cromwell Tools
user,six,uses,7448240672,usersix@mail.com,Leicester@3524,direct,501,108 welford road,Cromwell Tools
user,seven,userseven,7448240672,userseven@mail.com,Leicester@3524,direct,501,108 welford road,Cromwell Tools
user,eight,user eight,7448240672,usereight@mail.com,Leicester@3524,direct,501,108 welford road,Cromwell Tools
user,nine,user nine,7448240672,usernine@mail.com,Leicester@3524,direct,501,108 welford road,Cromwell Tools
user,ten,user ten,7448240672,userten@mail.com,Leicester@3524,direct,501,108 welford road,Cromwell Tools
user,eleven,usereleven,7448240672,usereleven@mail.com,Leicester@3524,direct,501,108 welford road,Cromwell Tools
user,twelve,usertwelev,7448240672,usertwelve@mail.com,Leicester@3524,direct,501,108 welford road,Cromwell Tools
user,thirteen,user thirteen,7448240672,userthirteen@mail.com,Leicester@3524,direct,501,108 welford road,Cromwell Tools
user,fourteen,use fourteen,7448240672,userfourteen@mail.com,Leicester@3524,direct,501,108 welford road,Cromwell Tools